original_name,indexed_name
ED586970.pdf,1.pdf
gao-20-241.pdf,2.pdf
weaponizing-digital-trade_csr_combined_final.pdf,3.pdf
IMPROVING_CYBERSECURITY_AND_RESILIENCE_THROUGH_ACQUISITION.pdf,4.pdf
An_20Introduction_20to_20Cybersecurity_20A_20Guide_20For_20PSAPs.pdf,5.pdf
GOVPUB-C13-e1840672bcc4d823d5a2b11dcb45d280.pdf,6.pdf
PNNL-26932.pdf,7.pdf
INSA_WP_5G_v5_Pgs.pdf,8.pdf
Levite_et_all_C3_Stability.pdf,9.pdf
COE-Cybersecurity-Labor-Market-Analysis-CA-Employers-web-FINAL_8.14.18.pdf,10.pdf
Federal-Cybersecurity-RD-Strategic-Plan-2019.pdf,11.pdf
GOVPUB-C13-5cde279b01de831720a804c8aa919341.pdf,12.pdf
DHS_Common_Cybersecurity_Vulnerabilities_ICS_2010.pdf,13.pdf
216_EWG_-APEC-Cyber-Energy-Nexus-Report.pdf,14.pdf
Defense-in-Depth-Cybersecurity-in-the-Natural-Gas-and-Oil-Industry.pdf,15.pdf
